parroquia,z_ebp,ee,cv
10150,886.96,7.446651504352242,0.008395701614900606
10151,594.66,39.75639042203885,0.06685566613197264
10152,510.02,50.98998544799916,0.09997644297870507
10153,485.25,85.7489312442189,0.1767108320334238
10154,502.98,81.42453932492478,0.161884248528619
10155,574.54,102.8079383307455,0.178939566141166
10156,543.24,54.32557441823132,0.10000289820011656
10157,395.56,75.78478684869182,0.19158860058825924
10158,685.26,66.57643179318913,0.09715499488251048
10159,416.53,73.71357046613979,0.17697061548061313
10160,662.89,80.0394109068318,0.12074312617000077
10161,342.23,36.414899874993495,0.10640475666947226
10162,759.76,27.91693226403451,0.036744409108184835
10163,731.87,58.541728308543064,0.07998924441300102
10164,384.77,57.44245846510688,0.1492903772776123
10165,580.13,68.23592368117023,0.11762178077529215
10166,401.14,52.77246291729554,0.13155622206036682
10167,590.51,37.177045759668815,0.0629575210575076
10168,480.03,37.7955161932987,0.07873573775242944
10169,543.74,45.45495009433459,0.08359684793161179
10170,608.52,27.64142556173978,0.04542402149763324
10171,486.84,34.41755817338001,0.07069583060837238
10250,553.09,38.51404604695599,0.06963431999666599
10251,439.23,73.68858838270512,0.1677676579074861
10252,391.85,69.3298591009665,0.17692958811016077
10350,571.41,22.021400388317787,0.03853870318740972
10352,379.12,75.23481225464622,0.19844590698102504
10353,446.32,72.93112694304683,0.16340546456140626
10354,399.57,55.140860849984676,0.13800050266532693
10356,428.81,62.53950717415538,0.1458443300626277
10357,350.17,38.54949731208178,0.11008794960185561
10358,516.61,67.41557889854572,0.13049607808316857
10359,490.7,89.68031297366869,0.18275996122614366
10360,394.9,70.69025487720911,0.17900798905345433
10450,489.23,84.56012904852263,0.17284330284022367
10451,395.13,52.79410925823343,0.13361199923628536
10452,398.35,77.44032828195274,0.19440273197427574
10453,433.36,73.61009909346197,0.16985900658450703
10550,542.37,33.37529964663991,0.06153603563368164
10552,325.37,51.472957474031894,0.1581982280911943
10553,441.02,73.24864140207164,0.16608916013348973
10554,533.85,57.4133567186541,0.10754585879676706
10556,461.79,101.1625921913465,0.21906622532178371
10559,502.31,90.67613541844571,0.18051827639992377
10561,379.78,66.724893631442,0.17569354266007164
10562,300.15,30.92543860862571,0.10303327872272434
10650,434.71,36.924466384473,0.0849404577407306
10652,446.06,76.61093660786032,0.17175029504519643
10750,465.12,84.07846709869206,0.18076725812412292
10751,396.37,76.06379841336266,0.19190099758650417
10850,658.12,44.44903593127578,0.06753940912185587
10851,499.08,90.78589634758198,0.1819065006563717
10852,421.84,76.51456656437567,0.1813829095495346
10853,336.11,60.94779898221696,0.18133289394012958
10854,328.83,54.44858417327931,0.1655827758211821
10950,536.46,36.19290202287835,0.06746617086619384
10951,416.51,71.63173592445085,0.17198083101114223
10952,434.53,52.23691935367249,0.1202147592885934
10953,365.21,65.82340681918159,0.18023440436784752
10954,328.79,57.13344309952703,0.1737687980155328
10955,414.0,74.68433466258992,0.18039694362944425
10956,383.99,30.448129703875903,0.07929406938690045
11050,516.12,95.68820332498225,0.1853991384270756
11051,477.9,90.999131286282,0.19041458733266792
11150,522.69,87.8822588061812,0.168134570789916
11151,356.84,62.84926798239866,0.17612730630646414
11152,299.78,38.029166351814325,0.12685691624462717
11153,282.36,52.60268928929486,0.18629653381957378
11154,331.8,58.50756053552779,0.17633381716554486
11250,560.22,82.25895239882907,0.14683330191501387
11253,385.78,67.51115393898374,0.17499910295760213
11350,527.87,64.61905514401394,0.12241471412282179
11351,524.68,78.44215728509245,0.14950475963462007
11352,473.57,84.91778652532625,0.17931411729063548
11450,404.41,65.23867711663925,0.16131816007675193
11550,583.18,21.504644144941736,0.03687479705226815
20150,688.45,24.182586196503273,0.035126132902176296
20151,399.54,63.25742866581391,0.15832564615761602
20153,353.32,36.65115496960813,0.10373359835165892
20155,499.07,30.014602394860034,0.06014106717466495
20156,481.4,62.1468539880476,0.12909608223524638
20157,513.89,97.55849062626304,0.18984313885513054
20158,622.21,107.75916799345669,0.17318777903514357
20159,603.47,55.522843108445315,0.09200597065048025
20160,525.54,45.1160544775944,0.08584704204740726
20250,519.72,26.90269654437134,0.05176382772333437
20251,383.57,35.46278230034801,0.09245452538089009
20350,797.62,49.2187779545674,0.06170705091969535
20351,566.16,70.59354067280339,0.12468832251095695
20353,525.45,45.72458723167983,0.08701986341551018
20354,493.89,87.01379153510385,0.1761805088888292
20355,437.68,46.20350209319735,0.10556457250319264
20450,501.41,23.36822774330293,0.04660502930396867
20550,794.91,41.391836802727966,0.05207109836676852
20551,440.66,52.90033331241942,0.12004795831802165
20552,305.0,44.43018371116618,0.14567273347923337
20553,366.23,70.33158560037573,0.19204211998027396
20554,618.96,50.26566975423701,0.0812098839250307
20555,631.64,74.64679729154278,0.11817933837556643
20556,376.48,68.77366081323758,0.1826754696484211
20650,563.41,38.20313122731721,0.06780698111023448
20750,535.08,49.04194822122059,0.09165348774243214
30150,833.18,28.619945170879223,0.03435025465191102
30151,547.84,73.70065264407778,0.13452952074342467
30153,558.23,40.46432530963988,0.07248683393877055
30154,679.28,59.70824114052783,0.08789930682565045
30155,483.01,70.8130580222811,0.1466078508152649
30156,332.01,47.48441697254743,0.14302104446416503
30157,622.12,70.88153137458261,0.11393546482122839
30158,414.01,51.40830690922464,0.12417165505476835
30160,480.03,39.10028328401618,0.0814538326438268
30250,578.65,37.78463019953661,0.06529790062997773
30251,442.05,81.87897217671,0.18522559026515098
30252,597.9,111.79362982561828,0.1869771363532669
30253,447.31,78.81455402973323,0.17619671822613675
30254,465.5,47.97152885497052,0.10305376767985075
30350,896.99,33.956333276190456,0.03785586603662299
30351,464.39,51.18875202591319,0.1102279377805577
30352,473.5,89.43199209516504,0.1888743233266421
30353,392.61,77.46738185769146,0.19731382760931065
30354,422.59,50.73704338638911,0.1200621012953196
30355,585.97,29.55457631432885,0.05043701267015179
30356,559.98,36.99956939598334,0.06607301938637691
30357,380.53,59.503060125746195,0.15636890685555987
30358,398.45,70.34179049529791,0.1765385631705306
30361,454.49,85.47426463656362,0.18806632629224762
30362,417.79,72.94109548735233,0.17458794008318132
30363,386.33,40.54368782693999,0.1049457402400538
30450,598.98,21.945409174608056,0.03663796650073133
30451,480.59,39.86445679444289,0.08294899351722443
30452,494.6,38.68142325216904,0.07820748736791153
30550,663.71,48.77725150840911,0.07349181345528787
30650,438.49,37.78139578736287,0.08616250265083096
30651,561.76,98.89986643336626,0.1760535930528451
30750,540.22,57.150821407700995,0.1057917541144367
40150,700.61,17.849856871013873,0.025477593627002002
40151,379.84,68.8690043648678,0.18131056330262166
40153,476.84,28.87400426383046,0.06055281491450059
40154,373.66,72.57804198498908,0.19423551352831206
40155,448.26,79.86324146008967,0.1781627659396102
40156,447.61,82.3295953748527,0.18393153721957217
40157,502.17,63.61803100018985,0.12668624370270995
40158,445.1,45.86744171148448,0.1030497454762626
40159,305.03,46.83569104739806,0.15354454003671134
40161,506.7,61.88928621714361,0.12214187135808882
40250,484.1,41.73921790530013,0.08622023942429277
40251,409.85,64.82401925053775,0.15816522935351407
40252,345.75,38.08247494752519,0.11014454070144669
40253,372.77,71.37363696611789,0.1914682967141076
40254,323.01,38.05983511719813,0.11782865891829397
40255,482.47,48.34174362040303,0.10019637204469299
40350,552.39,51.02626756665572,0.09237362654402817
40351,437.41,94.10950340595139,0.21515169613395072
40352,482.91,47.86414823201662,0.09911608422276742
40353,455.88,76.79270748927068,0.16844938907008572
40450,665.61,38.07067399988902,0.05719666771816682
40451,368.33,28.33335356794772,0.07692382800192143
40452,299.43,45.38883429866898,0.15158412416480974
40453,440.2,60.1913193280408,0.13673630015456792
40550,585.43,22.795556853085664,0.03893814265255567
40551,511.16,58.443049814508285,0.11433416115210165
40552,526.1,64.8000320145149,0.12317056075748888
40553,374.8,31.631119114531373,0.0843946614581947
40554,411.51,32.93975410133071,0.08004605988027196
40555,439.34,39.2193217657154,0.08926872528273183
40650,544.43,42.087297004283236,0.07730524953489565
40651,514.15,38.23131318265937,0.07435828684753354
50150,710.7,15.94540455534017,0.022436196081806907
50151,573.06,56.41573450176321,0.09844647070422506
50152,568.53,88.82576943527471,0.15623761179757395
50153,660.48,69.91398518598984,0.10585329636929179
50154,618.07,63.15150794262251,0.10217533279826314
50156,483.05,28.522508187570516,0.05904669948777666
50157,575.71,49.81672637771289,0.08653093810722913
50158,363.44,36.37788090744832,0.10009322283581422
50159,570.89,30.50350684044674,0.05343149615590874
50161,628.43,65.82416355971733,0.10474382756984443
50162,483.45,32.6529865367366,0.06754160003461909
50250,470.14,20.38123697194249,0.04335142079368377
50251,428.22,83.46187014379638,0.19490418510064073
50252,430.2,79.32040873896086,0.1843803085517454
50350,342.33,43.14268204220626,0.12602658850292484
50351,374.94,64.46577021501768,0.17193623037023972
50352,247.68,47.575305697567465,0.19208376008384798
50353,248.39,46.967381415283796,0.1890872475352623
50450,623.87,34.05151735700863,0.05458111041885109
50451,376.51,75.3322607135931,0.20008037160657913
50453,326.04,54.51425349677794,0.1672011210182123
50455,596.91,101.59469166649357,0.17020102137088267
50456,312.12,44.72599957962531,0.143297448351997
50457,423.64,78.58511034226198,0.18549974115348405
50458,381.86,58.27310314886931,0.15260331835978974
50550,604.14,31.052811220901894,0.05140002519432896
50551,638.86,112.74808818081542,0.1764832485690377
50552,396.72,33.44755047126429,0.08431021998201324
50553,501.75,65.00966125799533,0.12956584206875005
50554,388.6,43.60256424131372,0.11220423119226382
50555,548.23,98.67544267700481,0.1799891335333798
50650,466.37,55.32450279159151,0.1186279194450576
50651,501.53,51.63488190700196,0.1029547223635714
50652,450.51,78.48415670724074,0.17421179709049908
50653,326.19,30.571003627855035,0.09372146181015677
50750,396.79,65.07520519764336,0.16400414626790835
50751,247.51,52.194680127830516,0.2108790761093714
50752,315.44,42.60099140911263,0.13505259767027844
50753,349.69,46.16280551714095,0.1320106537708855
50754,392.52,78.48391418100897,0.19994882854633897
60150,773.46,19.1318897469435,0.024735461105866496
60151,309.01,55.8090070783429,0.1806058285438753
60152,463.36,83.15392463544497,0.1794585735398933
60153,508.48,70.31958315266318,0.13829370506738353
60154,391.43,72.34334919618281,0.18481810080009917
60155,451.86,50.89706143788288,0.11263900641323171
60156,305.55,26.457240515062065,0.0865889069385111
60157,304.82,50.17636324074166,0.16460981313805412
60158,307.82,30.952797165428,0.10055486052052498
60159,329.18,41.20281197019469,0.1251680295588878
60160,395.33,32.78039535641158,0.08291906851595271
60161,382.67,50.337572539696886,0.13154303326546865
60250,568.05,54.61525837768519,0.09614516042194383
60251,323.1,45.707516813363526,0.14146554259784438
60253,472.87,87.75473719890446,0.18557899041788328
60254,387.38,73.90669807831556,0.19078604491278733
60255,298.22,52.706291743869556,0.17673627437418535
60256,459.82,99.30212325929783,0.21595868657147976
60257,377.97,84.65967759156716,0.22398517763729173
60258,523.47,97.32913997547375,0.18593069321159522
60259,402.34,66.8842119933246,0.16623803746414625
60260,289.31,50.64495452550837,0.17505428269160545
60350,505.5,36.423751494123145,0.07205489909816645
60351,310.86,63.55731994888967,0.20445641108180423
60352,507.14,34.40695861594088,0.0678450893558798
60353,283.51,50.624790248316756,0.17856439013903128
60354,364.77,51.86371732380341,0.1421819703478998
60450,530.95,30.73146209727521,0.05788014332286506
60550,445.85,47.649263283440774,0.10687285697755024
60551,265.35,51.25329563045799,0.193153554288517
60552,318.68,58.89769699173566,0.18481767601272642
60553,288.06,58.28119776512934,0.2023231193679419
60554,393.97,69.31762977575441,0.17594646743598347
60650,375.5,19.23182407394039,0.05121657542993446
60651,267.0,25.550709802756355,0.09569554233242081
60652,231.15,40.463457792994056,0.17505281329437186
60750,554.76,29.42882530062246,0.0530478500624098
60751,354.11,75.18713240040555,0.21232705204711966
60752,254.69,46.07688727759454,0.18091360979070453
60753,375.06,73.52121244917706,0.19602520249873903
60754,523.61,39.5248184795884,0.07548522465114951
60755,441.82,60.1935592321312,0.13624000550480106
60756,387.82,72.70834636059757,0.18747962034087354
60757,302.69,60.7187008283151,0.20059698314551225
60758,252.65,23.695403260928625,0.09378746590512023
60759,251.21,55.8953731456114,0.22250457046141237
60850,377.06,24.411944207052336,0.06474286375391804
60950,489.86,38.341970790699705,0.0782712832047926
60951,399.58,69.75098214798743,0.17456074415132747
60952,461.55,91.22971225052645,0.19765943505693087
60953,340.09,68.00235113359854,0.19995398610249798
60954,391.67,72.40914521705791,0.18487283993427608
60955,279.07,53.99976890775128,0.19349901067026654
60956,370.79,77.69437487116717,0.20953740627084647
61050,468.52,34.24098320358959,0.07308329036879876
70150,687.97,4.615941763411851,0.006709510245231407
70152,500.51,31.08632518277945,0.06210929888070059
70250,601.15,44.55895468666614,0.07412285567107402
70251,548.44,63.077574024094574,0.11501271611132406
70254,375.98,75.84306327027053,0.20172100449563948
70255,399.73,72.02223235492387,0.18017720049764557
70256,368.3,74.50998184716049,0.2023078518793388
70350,686.29,79.16752221247998,0.115355785764735
70351,402.11,52.12115744656478,0.12961915258651807
70352,456.3,50.4595087976884,0.11058406486453737
70353,451.18,83.16020011422945,0.18431712423917163
70354,589.29,119.67672603291729,0.2030863005191286
70355,505.62,98.01287782598143,0.19384691631260914
70450,476.35,45.26885426015151,0.09503275797239741
70451,465.17,43.24477073472856,0.09296551956215697
70550,482.91,50.9064032786092,0.10541592279847009
70650,543.97,23.321303508698353,0.042872407501697435
70651,527.64,39.357402655137626,0.07459139309972258
70652,455.66,31.809041853307086,0.06980872109315517
70653,411.37,78.28164825176796,0.19029498566197817
70654,438.91,75.70737116193405,0.17248951074692773
70750,577.34,18.755183057269083,0.032485507772316284
70850,473.77,44.91685928161522,0.09480731004836782
70851,397.42,84.10922262141594,0.2116381224432991
70950,609.91,18.936427518414998,0.031047904639069698
70951,465.8,59.99198534905361,0.1287934421405187
70952,510.9,43.242800891751244,0.0846404401874168
70953,472.61,48.405263521409445,0.10242115808258277
70954,283.71,47.42177627173135,0.1671487655413322
70955,307.28,40.29669779198102,0.13113999541779817
70956,428.66,78.35545416015862,0.18279161610637476
71050,693.01,38.95691554980616,0.05621407418335401
71051,396.51,69.7712498018353,0.1759634052150899
71052,525.68,70.08875387292044,0.13332969462966146
71053,396.02,58.22055621095726,0.14701418163465801
71054,425.72,76.15307297911006,0.17888065625084576
71055,477.99,55.15979164234057,0.11539946785987273
71056,468.33,58.25849916009592,0.12439625725470485
71150,639.67,36.262596294077966,0.05668953725214246
71151,527.04,91.4697450439609,0.17355370568450385
71152,425.62,78.9796791306886,0.18556383424342981
71153,378.59,47.54218530743376,0.1255769706210776
71250,707.47,23.09563674876211,0.03264539379586712
71251,528.76,95.43060136490611,0.1804799935034914
71252,436.74,31.57347216220258,0.07229352054357874
71253,539.1,107.90756196219945,0.20016242248599414
71254,497.23,72.14165768574037,0.14508709789381247
71255,512.7,48.485667371422174,0.0945692751539344
71256,509.39,50.4795011747171,0.09909794298026484
71257,448.7,89.79865947379552,0.200130732056598
71350,733.5,55.52692254786773,0.07570132590029684
71351,427.18,83.46528755960483,0.19538669310268467
71352,397.64,60.567362075721306,0.15231707593733354
71353,393.07,47.0388089170209,0.11967031042058895
71354,402.69,50.2722804605807,0.12484114445499193
71355,558.98,53.975862144909534,0.09656134771353095
71356,578.46,60.67997873406581,0.1048991783944712
71357,537.13,104.98504628751442,0.19545556250351762
71358,477.95,89.54774817134336,0.18735798341111698
71359,292.39,59.622256494185685,0.20391345974276032
71450,633.81,97.2965763589427,0.1535106362457877
71451,471.97,92.9590462261281,0.19695965045686822
71452,502.72,96.54285927979065,0.19204101543561156
71453,489.93,92.41622510120533,0.18863148837835064
80150,717.83,13.065436026119714,0.018201295607761885
80152,401.85,69.11774585200772,0.17199886985693097
80153,298.43,56.45809331354221,0.18918370577201424
80154,259.15,27.435073731788226,0.10586561347400435
80159,354.52,33.317705807061465,0.09397976364397345
80163,325.16,44.91781702487869,0.13814066005928985
80165,307.16,34.763342958414704,0.11317666023705789
80166,567.83,53.168650904719556,0.09363480426310612
80168,520.7,35.55518695871925,0.06828343952125839
80250,434.35,31.933301303691596,0.07351974514490986
80251,281.11,33.775816128883925,0.12015159947666011
80252,356.19,62.79193432043116,0.1762877518190605
80253,543.71,32.89142765065994,0.060494432051387576
80254,319.91,28.403188720768032,0.08878493551551384
80255,325.23,75.31080286257836,0.23156167285483611
80256,405.56,36.95296354214383,0.09111589787489847
80257,241.32,49.270190736769095,0.204169528993739
80258,270.26,39.12391736969833,0.1447639952997052
80259,306.77,24.503472293343325,0.07987571240128867
80260,391.48,50.37345583316462,0.12867440439655822
80261,314.54,32.4776592323273,0.10325446439984516
80262,335.85,33.94763079479553,0.10107974034478347
80263,393.0,56.27973732446653,0.14320543848464767
80264,343.71,47.524191507997266,0.13826828287799967
80265,358.56,61.14589553779308,0.17053183717590661
80350,521.76,30.244771316075877,0.05796682634942479
80351,365.22,64.46523034951782,0.17651067945215984
80352,391.58,47.91405652946849,0.12236083694128529
80353,307.96,52.24149569245434,0.16963727656986086
80354,404.74,62.08680720841533,0.15339923706185535
80355,406.78,79.81476139297241,0.19621112491511977
80356,335.63,29.722196689919443,0.08855643622417378
80357,340.99,27.323944009674793,0.08013121795265196
80358,436.36,82.07158891365681,0.18808229194622975
80450,539.56,12.145761595237198,0.022510492985464453
80451,234.88,39.9669949528306,0.1701592087569423
80452,361.45,33.15985493015235,0.09174119499281325
80453,384.2,13.5869703777462,0.035364316443899535
80454,380.37,32.485057003892415,0.08540383574911906
80455,410.63,21.563194696889806,0.05251246790758056
80550,635.29,22.150224514189187,0.03486632012811344
80551,341.95,35.59053231504958,0.1040811004972937
80552,277.2,39.82993310710545,0.14368662737051027
80553,423.07,80.03733013783511,0.18918223967153217
80554,453.2,55.033383686572684,0.12143288545139604
80555,479.97,118.8648600067262,0.24765060317671145
80556,434.93,49.33377042498372,0.11342921947206153
80557,344.09,62.16048635304643,0.18065182467681837
80558,355.11,69.57014940037588,0.19591154684569817
80559,407.23,80.36770888573467,0.19735213242083016
80560,238.23,44.98142187555538,0.188815102529301
80561,428.86,38.65175634480199,0.09012674612881123
80562,492.56,96.04949996617276,0.1950006089941789
80650,457.51,25.244824879887844,0.055178738999995286
80651,319.74,31.681781685722346,0.09908607520398556
80652,345.36,42.25692550691484,0.12235616604967234
80653,372.62,32.61427611440228,0.08752690707531072
80654,486.69,26.817841002920773,0.055102510844522744
80750,342.94,38.25518329663159,0.11155065987237299
80751,311.37,29.18364521331202,0.09372657999586351
80752,327.42,29.155043667202833,0.08904478549631309
80753,412.04,31.256134835098983,0.07585704017837827
80754,348.09,25.651558475088265,0.07369231657068076
80755,345.15,23.373804075622484,0.06772071295269444
90150,657.19,4.535026822245318,0.006900632727590678
90152,586.81,102.34952121920038,0.17441679797413198
90153,730.04,59.7090708014916,0.08178876609705167
90156,609.91,58.1605708926535,0.09535926758481335
90157,275.91,41.39293474240198,0.15002332188902892
90158,437.41,42.44582707744592,0.09703899562754834
90250,377.6,47.927619464454864,0.1269269583274758
90350,450.57,41.27949984374816,0.09161617472035014
90450,395.35,27.527151173592387,0.06962729524115945
90550,360.04,35.47631680221299,0.0985343761865709
90551,321.97,55.36488929541858,0.17195667079360988
90650,1005.22,35.65604973906368,0.03547089168447074
90652,421.07,60.11548165640139,0.1427683797382891
90653,434.78,69.58869437449543,0.16005495739108386
90654,444.37,63.72088849900753,0.14339601795577453
90656,346.6,39.11093201139954,0.11284169651298194
90750,624.3,23.25321605830973,0.037246862178935976
90850,482.77,37.76667043724136,0.07822911621940336
90851,350.8,40.79509765939566,0.1162916124840241
90852,336.47,50.81220004488484,0.15101554386686727
90950,535.08,27.698655000066687,0.051765446288530095
91050,672.54,30.70379688917028,0.04565348810356303
91051,500.96,81.74009356295994,0.16316690666512285
91053,454.02,41.66850692187039,0.09177680921957268
91054,554.65,43.72976302330995,0.07884208604220672
91150,609.46,37.310986484597116,0.061219746143466536
91151,454.12,52.63800465753167,0.1159121039758911
91152,391.37,71.83155244915174,0.18353872920548775
91153,505.17,37.171219357254955,0.07358160491964082
91154,315.5,41.486562879635315,0.13149465255034964
91250,594.96,39.138756164482274,0.06578384456851262
91350,442.15,80.06800681012515,0.18108788151108257
91450,460.58,58.62731638096576,0.12729019145635018
91451,387.41,69.89537987412544,0.18041707718986458
91452,425.53,71.02689862948036,0.16691396289211186
91650,1454.45,51.53501624587601,0.03543264893662622
91651,406.66,45.31124214398813,0.11142291384446006
91850,365.2,32.58951188207537,0.08923743669790628
91950,379.39,31.566573467076118,0.08320349367952798
91951,307.34,40.21087685029041,0.1308351560170834
91952,280.55,29.805358899004002,0.10623902655143112
91953,311.25,27.827261433184088,0.08940485601023
92050,568.65,101.60792308207495,0.1786827100713531
92053,534.34,61.50894040076396,0.11511198937149372
92055,421.48,50.98353309717738,0.12096311354554753
92056,527.28,58.29977141568536,0.11056700693310076
92150,659.95,55.78120964953877,0.08452338760442271
92250,442.93,56.30967124544476,0.12712995562604645
92251,314.99,47.17413987288545,0.1497639286100684
92350,545.39,55.72181449714795,0.10216874988017374
92450,576.9,65.62260053654254,0.11375039094564489
92550,447.78,42.19090747827034,0.09422240269389062
92750,568.92,99.38619764796462,0.17469274704345888
92850,576.42,50.36962794451625,0.0873835535625347
100150,771.68,13.067543301682349,0.01693388879027881
100151,514.29,29.298633514860825,0.05696909042536473
100152,410.3,57.05906035716123,0.1390666837854283
100153,445.42,85.14061942460471,0.19114682642136568
100154,685.22,44.94905271539373,0.06559798709231156
100155,398.91,52.12968995717704,0.13068032878889232
100156,552.7,43.0945124762243,0.07797089284643441
100157,556.35,39.56167864277173,0.07110933520764219
100250,668.75,26.3841458854355,0.03945292842681944
100251,765.7,58.5359168194882,0.07644758628638919
100252,787.8,72.92937230801964,0.09257346066009094
100253,668.66,50.28641570876522,0.07520476132678076
100254,624.48,40.33310804403687,0.06458670901235727
100350,619.46,32.73332518226449,0.05284170920198961
100351,345.98,43.029435286110036,0.12436971872972435
100352,491.35,22.022788712654712,0.044820980385986996
100353,387.51,30.145568085161965,0.07779300685185406
100354,334.51,42.91848631391342,0.12830255093693288
100355,446.35,64.98093473005122,0.1455829163885991
100356,460.4,39.22399293920298,0.08519546685317764
100357,327.59,45.04879585487978,0.1375157845321279
100358,526.33,59.91923261738234,0.11384346819938505
100450,622.99,17.46749144769526,0.028038157029318705
100451,522.81,44.26233692862326,0.0846623762526028
100452,422.81,28.09702645582411,0.06645307929288359
100453,779.93,41.37656007273325,0.05305163293210064
100454,491.34,110.95347411650252,0.22581811803741306
100455,521.85,26.964847206065944,0.05167164358736408
100456,295.1,42.61376005659808,0.14440447325177255
100457,701.59,48.92092901928102,0.06972865779056289
100458,299.0,30.949021131299766,0.10350843187725674
100459,522.67,57.00897431129166,0.10907259707136753
100550,610.83,30.30439936590924,0.049611838589966505
100551,302.23,56.88730676835175,0.1882252151287157
100552,343.54,28.906435641265524,0.08414285277192037
100553,356.01,42.19234724011757,0.11851450026717668
100650,705.92,42.55617263557483,0.06028469604994169
100651,458.73,43.19926422208776,0.09417143902096606
100652,325.7,44.36422594776951,0.13621193106468993
100653,448.72,43.62203345463832,0.09721437300463166
100654,432.87,50.09118174836319,0.11571876486788918
100655,524.79,67.01485042321143,0.12769841350485228
110150,790.83,12.556916473970912,0.015878148873931075
110151,310.75,63.727038788163455,0.20507494380744476
110152,358.74,32.00775610945997,0.08922271313335554
110153,415.71,40.69456754671482,0.09789172150469035
110154,312.28,57.2303552579027,0.18326615619925293
110155,350.68,54.59058365479601,0.1556706503216494
110156,451.48,48.00487236707779,0.10632779384929074
110157,393.83,69.20589010512704,0.1757252878275577
110158,419.12,73.7672410182463,0.17600506064670332
110159,296.06,53.195461813020806,0.17967797680544756
110160,398.03,36.30626123250979,0.09121488639677862
110161,482.07,32.26170389885143,0.06692327649273223
110162,356.17,65.16861414420838,0.18297053133112945
110163,295.35,51.06560005329436,0.17289859506786645
110250,532.25,27.3090095950617,0.05130861361214035
110251,338.79,66.00763629434063,0.19483348473786305
110252,329.07,55.04153766815237,0.16726391852235808
110253,251.15,33.57830667637721,0.13369821491689113
110254,240.81,37.77450677871626,0.1568643610261877
110350,509.91,25.92078972262435,0.05083404860195789
110351,310.14,23.325660426169247,0.07521010003923792
110352,373.72,70.48910148744416,0.18861474228685687
110353,513.33,42.33341721830015,0.0824682313878015
110354,353.86,70.69110720118671,0.19977139886165915
110450,778.37,43.81908019057077,0.05629595204153651
110451,356.91,52.56126154083798,0.1472675507574402
110455,392.3,50.187150293565296,0.12793053860200176
110456,309.05,58.34177994863504,0.1887778027783046
110457,436.47,73.4565745505237,0.16829696096071595
110550,490.79,43.67276145723749,0.08898461960764785
110551,394.11,60.568597665404425,0.15368449840248768
110552,403.01,85.06572042014672,0.21107595449280842
110553,323.92,44.105397891504495,0.13616139136670935
110554,345.85,72.70087462373354,0.21020926593532901
110650,457.48,64.17322190593127,0.14027546976027644
110651,246.7,36.40235939515008,0.14755719252188926
110652,350.25,53.9695242019281,0.15408857730743214
110653,298.82,37.94648404692659,0.12698776536686499
110654,350.03,63.50190765959405,0.18141847172983475
110655,222.59,39.863114640413094,0.17908762586105886
110656,352.11,65.43232589512739,0.1858292178442174
110750,609.77,68.90610469955003,0.11300343522893883
110751,403.02,77.23427268591738,0.19163880870904018
110753,223.98,40.20805562972718,0.1795162765859772
110754,360.05,48.34853397956093,0.13428283288310217
110756,280.12,32.792995811688925,0.1170676703258922
110850,608.37,30.52078745940689,0.05016813363480594
110851,261.98,43.92888367584686,0.16768029496849707
110852,307.65,53.950580828843584,0.17536350017501573
110853,348.55,51.05960302629153,0.1464914733217373
110950,605.88,39.553465073549795,0.06528267160749619
110951,378.11,75.43672090987293,0.19950998627349958
110952,297.0,37.011400189460076,0.12461750905542113
110954,307.23,36.177231904660175,0.11775292746365972
110956,380.79,35.585075224050094,0.09345065580516844
110957,327.61,63.23155979477875,0.1930086376935342
110958,351.47,69.36000708778373,0.19734260986082375
110959,234.49,48.265226912654335,0.2058306405930075
111050,618.48,31.11268893226303,0.050305084937690835
111051,359.14,47.11580643031942,0.13119063994631458
111052,439.99,54.48956433211319,0.12384273354420143
111053,290.41,49.20931789074377,0.16944773902669938
111054,408.89,51.58864665394542,0.12616754299186925
111055,378.94,74.32378254769628,0.1961360177012094
111150,685.29,32.819841753417805,0.047891902338306126
111151,425.0,73.89633102431989,0.17387372005722326
111152,322.04,57.88448661950517,0.17974315805336344
111153,316.45,31.445126589142372,0.09936838865268564
111154,360.33,65.08071841560908,0.18061421035053724
111155,354.57,42.69782157991627,0.12042141630684004
111156,436.22,51.29044327571196,0.11757930236053357
111157,255.83,49.121552318126454,0.19200856943332076
111158,443.53,75.8261433081906,0.17096057382407187
111159,295.96,57.259905349700716,0.19347177101534235
111160,235.6,41.033404458042064,0.1741655537268339
111250,366.93,49.23385230843187,0.13417777861835192
111251,350.09,66.82123386174534,0.1908687305028574
111252,314.45,64.77618880217254,0.20599837431124993
111350,528.58,36.71663506603381,0.06946277775555981
111351,392.07,74.80503175556437,0.190795092089587
111352,308.4,56.574400615203686,0.18344487877822208
111353,302.6,52.76167652080605,0.17436112531660952
111354,321.03,62.31198150786054,0.19410018225044556
111355,350.25,39.408099446084044,0.11251420255841268
111356,314.69,66.92767093341807,0.21267809887005648
111450,554.89,53.86469100738633,0.09707273695216408
111451,325.86,61.41547060473393,0.18847195300047237
111452,325.47,42.3962235520377,0.13026154039400775
111453,250.6,45.70315422264067,0.18237491708954776
111550,518.79,55.80527164145134,0.10756813285038522
111551,348.26,72.66243499650562,0.20864421695430319
111552,342.67,59.00962594340446,0.17220540445152613
111650,261.51,39.68501716219888,0.15175334466062057
111651,332.92,55.17225001606607,0.16572224563278287
120150,707.26,30.368092972531297,0.04293766503482637
120152,367.3,39.49263867740398,0.10752147747727737
120153,362.31,26.20341476050218,0.07232318942480799
120154,413.15,46.00062755465401,0.11134122607927874
120155,448.85,49.149327916669606,0.10950056347704044
120250,472.47,45.77116081144669,0.0968763324897807
120251,408.48,30.585658842879713,0.07487675979945092
120252,480.52,59.99088417418478,0.12484575912383414
120350,553.14,39.48040948255155,0.0713750758985999
120351,424.52,74.48225409753695,0.17545051846211476
120450,422.52,37.287346349101796,0.08824989668915506
120451,328.98,57.59436635371612,0.17506950682022043
120452,495.18,30.363889952825208,0.061318894044236856
120550,635.52,22.856223997743495,0.035964602211957915
120553,417.21,60.81040035300971,0.14575489646223655
120555,468.03,78.22172458584633,0.16712972370541704
120650,490.94,88.3705498522125,0.18000274952583312
120651,386.7,30.971800893518047,0.08009258053663834
120750,483.3,36.83461226053051,0.07621479880101492
120752,424.45,35.16076329778147,0.08283841040824944
120753,395.53,69.3581872047165,0.1753550608164147
120754,373.81,63.28630064194519,0.16930071598390944
120850,462.89,22.929826978069215,0.049536233182979145
120851,313.86,41.19689325546164,0.13125882003269496
120950,339.74,22.929185920890713,0.06749039242035296
121050,512.12,21.52606637163772,0.04203324683987683
121051,514.32,51.7852434932914,0.1006868165602959
121150,579.31,33.17983948489799,0.0572747570124769
121250,366.05,18.896997474561758,0.051624088169817665
121350,450.25,40.8392377082918,0.09070347075689461
130150,621.66,19.218290445577704,0.030914471649418823
130151,501.85,41.611811409978955,0.08291683054693424
130152,411.66,73.29253637440301,0.1780414331594107
130153,421.16,73.4276356330606,0.17434617635354877
130154,405.04,71.39591098052185,0.17626879068862789
130155,404.68,71.02048598278628,0.17549788964808313
130156,394.82,49.74374295406325,0.12599094005892117
130157,351.12,49.04664613225244,0.13968627857214752
130250,449.52,53.53045009085677,0.11908357824091646
130251,254.9,35.130697978424294,0.1378214906960545
130252,314.6,49.51931272907771,0.15740404554697301
130350,589.02,44.83243658783118,0.07611360664804452
130351,340.51,62.66816781491308,0.18404207751582358
130352,413.63,37.9791976441361,0.09181925306224428
130353,349.17,61.51855975766868,0.1761851240303253
130354,349.9,74.08946204477733,0.211744675749578
130355,311.76,53.236653359029305,0.17076165434638602
130356,358.99,60.067931173566805,0.16732480340278783
130357,339.26,52.95930880257203,0.15610242528612872
130450,443.6,30.687968287461963,0.06917936944874202
130451,333.61,56.851477851437394,0.17041299077197145
130452,362.67,31.604854271807227,0.08714493691732766
130453,351.35,62.04913696923094,0.17660206907423065
130454,361.94,64.08020590914448,0.17704648811721413
130550,428.74,44.19061741483612,0.10307089941418136
130551,347.8,58.679977792882276,0.16871758997378458
130552,373.89,67.97683709821676,0.18180972237347018
130650,573.78,58.03198322924625,0.10113978045461022
130651,376.26,66.6075574440422,0.17702534801478287
130652,304.86,29.690994881004524,0.09739222882964155
130653,310.98,57.98622397541096,0.186462872131362
130654,371.12,42.54895018892595,0.11465011368001173
130656,370.59,73.16695874188646,0.19743371041281865
130657,251.83,39.9602201858782,0.15867934791676208
130658,370.6,63.939199431901756,0.17252887056638358
130750,545.32,46.164756930639676,0.08465626958600395
130850,668.44,19.90528551024209,0.029778716878466414
130851,379.82,59.776920341257956,0.15738223458811532
130852,399.57,47.78921241670374,0.11960160276473145
130950,628.51,30.531930981303958,0.048578273983395585
130952,469.68,72.57711091923925,0.15452459316819803
131050,511.82,56.82887422921867,0.11103292999339352
131051,317.61,51.23912827911413,0.16132718830992138
131052,363.5,30.44981770906844,0.0837684118543836
131053,339.21,48.068951536108464,0.14170853316856363
131054,335.94,57.229972379017205,0.17035771976846223
131150,415.32,77.05871496068042,0.18554058307011562
131151,436.71,30.33779487639786,0.06946897226167906
131152,433.89,45.863655388593486,0.10570341650785565
131250,563.45,34.577903875028696,0.061368185065274104
131350,579.02,44.90929729603439,0.07756087405622325
131351,447.02,34.19130694683779,0.0764871973219046
131352,350.27,61.55588253940698,0.17573838050477342
131353,315.35,58.17723134637107,0.18448464038804843
131355,318.86,56.942588292597534,0.1785817860270888
131450,586.08,53.72742637575588,0.0916725129261464
131453,358.13,49.72010999713088,0.13883257475534272
131457,373.31,69.96867158158875,0.18742779883096825
131550,468.38,40.20902138646332,0.0858470075290647
131551,457.97,79.86064550140385,0.1743796438662005
131552,332.53,50.47335276426029,0.15178586222073284
131650,467.17,75.12164022324787,0.16080150742395244
131651,379.26,69.51042552719012,0.18327908434105922
131652,376.45,59.59975468157278,0.15832050652562832
131653,358.45,69.10061366978066,0.19277615753879385
131750,469.95,31.158413839607395,0.06630155088755696
131751,306.09,45.91400453920227,0.1500016483361177
131752,340.23,58.54424412243102,0.1720725512812833
131753,419.51,78.13170505514704,0.18624515519331372
131850,383.58,67.1911229081879,0.1751684730908491
131950,458.06,33.32318182232118,0.07274850854106707
131951,417.21,70.68785546834175,0.1694299165128874
131952,529.23,51.501428315208095,0.09731388680764147
132050,426.43,59.78600032908639,0.14020120612782025
132150,534.57,71.28167162215989,0.13334394302366367
132250,407.42,53.38608327781299,0.13103451788771536
132251,355.04,68.28943977171242,0.19234294663055548
140150,909.86,39.606006029052956,0.04352978043770795
140151,652.16,137.5484441447982,0.21091211381378527
140153,741.0,67.74887046605105,0.09142897498792314
140156,627.08,115.01866006607351,0.18341943622197088
140157,524.48,33.47401660233385,0.0638232470300752
140158,391.57,46.379890420703276,0.11844597497434246
140160,557.33,108.26358953226452,0.19425401383787794
140162,689.89,111.66273510771498,0.16185585398790384
140164,685.04,71.56374776263067,0.1044665242360018
140250,667.03,68.74730953752092,0.10306479399355489
140251,455.87,111.86614127235585,0.2453904430481406
140252,516.27,114.02715986837528,0.22086729786424794
140253,631.79,41.00023908399621,0.06489535935041107
140254,539.14,98.46770592109192,0.18263847223558244
140255,435.71,77.57396106286129,0.17804035037722635
140256,447.55,90.4369280111216,0.202071116101266
140257,383.45,104.43469657354258,0.2723554480989505
140258,715.62,79.41833443235153,0.1109783606276397
140350,573.98,84.01565141867115,0.14637383082802738
140351,545.98,70.40216408418598,0.1289464157738122
140353,535.96,102.2085773553827,0.1907018758030127
140356,446.08,91.01976733497247,0.2040435960701499
140357,437.19,83.09922780112744,0.19007577437985188
140358,704.12,100.4071307852033,0.14259945859399434
140450,717.13,37.83927327068525,0.05276487285524974
140451,367.87,69.014855281845,0.18760664169909208
140452,470.39,88.90115772995895,0.18899457414051948
140454,338.52,62.7590173950637,0.18539234726179754
140455,441.7,97.45788750829209,0.22064271566287547
140550,743.11,81.79595291836598,0.11007246964563253
140551,453.09,93.16325848704817,0.20561755608609364
140552,525.0,100.43104322418068,0.1912972251889156
140553,579.54,109.51045238438476,0.18896099041375017
140554,471.85,101.09068370165845,0.2142432631167923
140556,602.4,85.32258441755215,0.14163775633723796
140557,495.19,74.38174913811298,0.15020850408552874
140650,716.77,38.93986944614684,0.05432686837639248
140651,479.82,69.29154697284383,0.14441154385570387
140652,527.26,42.0659562974284,0.07978218772034366
140655,499.99,66.6226132827394,0.13324789152330926
140750,664.87,121.49652899599937,0.182737270437829
140751,818.13,93.96330868218332,0.11485131786168863
140850,691.36,46.64328048685365,0.06746598080139674
140851,359.59,86.45945638119568,0.2404389899084949
140852,609.46,146.59481004308623,0.24053229095114728
140853,566.19,147.4885194711569,0.26049297845450625
140854,461.55,89.35751999930244,0.1936031199204906
140950,672.09,82.76388401481154,0.12314404918212075
140951,1306.73,256.19098079832474,0.19605502345421374
140952,654.62,124.3477060606271,0.18995402838383657
140953,968.8,114.573527087557,0.11826334340168972
140954,881.67,164.0911273188561,0.18611399652801627
141050,579.03,61.6139181830311,0.10640885305257258
141051,860.74,167.73465807188774,0.19487261899282912
141052,500.29,60.29751088452056,0.1205251172010645
141150,767.11,103.16298818139462,0.1344826533109914
141250,664.57,73.95905513893157,0.11128858530919478
141251,425.58,58.106595694462875,0.13653507141891744
150150,632.57,20.062573059821162,0.031715973030370014
150151,356.83,30.709522693754586,0.08606205390173076
150153,317.85,25.783814613582962,0.08111944191783219
150154,640.84,90.6010176052027,0.14137853068660305
150155,290.3,28.94425856387379,0.09970464541465308
150156,492.9,34.39646870933276,0.06978386834922451
150157,478.1,52.530372472185505,0.10987319069689501
150158,599.77,115.87714839805064,0.19320264167606022
150350,502.77,26.493915297610997,0.05269589533506573
150352,370.24,39.107828102631494,0.10562831704470477
150354,339.09,45.12429763788067,0.13307469296611718
150356,331.73,63.162602884729985,0.19040365021170827
150450,809.68,35.23265313210745,0.043514293464217285
150451,400.64,76.18407357711845,0.19015593444767986
150452,393.3,75.97202738889732,0.1931655921405983
150453,477.17,44.220381435643375,0.09267217435220859
150454,442.35,52.44557208488926,0.118561257115156
150455,476.09,90.97609950289454,0.19109012897329192
150750,579.99,60.59226941411135,0.10447123125245496
150751,384.94,80.03167302009862,0.20790687644853387
150752,456.07,55.53198475793147,0.12176197679727119
150753,490.07,95.6658218282715,0.1952084841517977
150754,890.89,36.90211276508048,0.041421626424227996
150756,570.75,136.6620024056628,0.23944284258548015
150950,453.85,71.10538119756865,0.1566715461001843
160150,764.67,14.114478068439231,0.018458260515567804
160152,388.97,36.05329640957508,0.09268914417455094
160154,382.38,34.56623526701597,0.09039760256032212
160155,450.18,76.68726307330742,0.17034800096252037
160156,353.63,32.27937347746606,0.09128007657004795
160157,451.89,100.53282434312088,0.22247189436172715
160158,993.99,281.8468239019346,0.2835509652028035
160159,312.05,68.75436019203322,0.22033122958510884
160161,513.89,71.52644264668496,0.13918629015292175
160162,493.28,33.940655303772274,0.06880606410917182
160163,659.57,35.29034383650519,0.05350507730264443
160164,251.11,51.39575989887304,0.20467428576668806
160165,479.01,32.17619781689106,0.06717228829646785
160166,317.66,39.093822812513245,0.12306813200438596
160250,513.95,80.41791808947454,0.15647031440699394
160251,390.5,76.90116982128366,0.19693001234643703
160252,644.42,31.978467804252517,0.049623642662010053
160350,532.51,34.831721074904145,0.06541045440443212
160351,358.38,49.60464293693678,0.13841353573563475
160450,600.79,61.27200842244395,0.1019857328225236
160451,453.56,69.42750123331632,0.15307236359757545
170150,808.76,6.210140848653633,0.007678595440740928
170151,780.7,56.37012889210592,0.07220459701819638
170152,728.01,41.702231520989294,0.05728249820880111
170153,523.78,74.91276837526445,0.14302334639593808
170154,655.1,48.08313281799371,0.07339815725537124
170155,746.16,21.567407364493405,0.028904534368625237
170156,999.96,34.750452779126974,0.03475184285284109
170157,1520.86,63.97399282965344,0.04206435360891433
170158,571.28,97.40427411048867,0.17050181016399782
170159,637.15,47.95887889416861,0.07527093917314387
170160,602.68,40.62840653747089,0.0674128999427074
170161,367.84,55.27328737468623,0.15026448285854238
170162,726.5,69.95205945885856,0.09628638604109918
170163,654.51,84.93974813762695,0.12977608919287245
170164,664.47,41.524490035879,0.06249264833006606
170165,753.03,131.51449671540664,0.17464708805148088
170166,550.21,92.81593589310928,0.16869183746771102
170168,550.68,97.65333036648995,0.17733226259622642
170169,587.57,104.37732637064614,0.1776423683487008
170170,1139.34,48.12297416476387,0.0422375885730018
170171,521.53,84.98873364893186,0.16296039278456054
170172,400.06,58.0642313047728,0.14513880744081586
170174,623.25,99.72997924691987,0.16001601162762916
170175,670.38,53.49043530651639,0.07979121588728243
170176,419.53,34.65489607464407,0.08260409523667932
170177,1021.65,62.17705878149027,0.06085945165319852
170178,500.43,63.960127590489364,0.12781033829004929
170179,661.09,75.72147143318006,0.11454033706935524
170180,656.02,57.51429307066117,0.08767155432861981
170181,392.27,29.19394307084817,0.07442308377099491
170183,730.4,125.75061382781884,0.1721667768726983
170184,867.9,33.235585236293026,0.038294256522978486
170185,600.07,32.125161344309035,0.05353568974337833
170186,750.68,124.04598720017636,0.16524482762319012
170250,741.57,24.30254008445638,0.03277174114979891
170251,521.17,69.22486476598193,0.13282588170075396
170252,507.67,42.89881480224154,0.0845013784589232
170253,476.85,44.9875028524818,0.09434309080944071
170254,593.94,56.73832988894748,0.09552872325310213
170255,655.25,53.92079197962363,0.08229041126230237
170256,551.7,83.95103652114821,0.15216791104068916
170350,754.45,52.803396222989576,0.0699892586957248
170351,854.07,72.37807911935055,0.08474490278238381
170352,631.73,72.97032653741988,0.1155087245143018
170353,533.23,35.939659239762996,0.06739991980901862
170354,544.9,59.41121795288718,0.10903141485205943
170355,450.14,62.19882396266178,0.13817662052397428
170356,602.94,54.41175403941225,0.09024406083426584
170357,809.94,71.45988785992878,0.08822861923096621
170450,856.13,46.12423930725239,0.05387527514192049
170451,653.92,56.64487990151702,0.08662356236468838
170452,583.85,45.80409395862983,0.07845181803310752
170453,625.63,58.436069591464005,0.09340356055730065
170454,645.86,45.8623869340177,0.07100979613850943
170550,882.02,43.90335722005932,0.04977592029665917
170551,694.62,85.75540999134564,0.12345658056397116
170552,588.54,105.47997264495822,0.1792231159223812
170750,566.1,54.76900073966747,0.09674792570158534
170751,511.72,51.456060872686585,0.10055510996772958
170850,682.68,52.238492751247115,0.07651973509000867
170950,503.07,41.62937424086513,0.08275065943281279
180150,701.09,6.851478583476227,0.009772609199212978
180151,465.2,82.58869740015788,0.17753374333653887
180152,632.19,45.73692921048925,0.0723468090455231
180153,510.1,56.71063402172211,0.11117552248916311
180154,426.23,70.3605311090916,0.16507644020620696
180155,498.21,34.67577578968673,0.06960072216472317
180156,626.7,28.31923965895532,0.045187872441288204
180157,432.42,38.720988774175204,0.08954486095503261
180158,512.47,61.54446041958468,0.12009378191813116
180159,349.07,67.68572561360146,0.1939030154799939
180160,383.65,45.1062270980654,0.1175712944039239
180161,359.12,21.14286510358191,0.058874095298457094
180162,433.79,41.04755787964534,0.09462541294092841
180163,592.25,37.80321123992226,0.06382982058239302
180164,356.97,64.38249331802967,0.18035827469543567
180165,362.09,39.41713519185492,0.10886004913655423
180166,470.68,35.74744143907179,0.07594850309992307
180167,449.43,79.56494136494692,0.177035225429871
180168,440.02,83.86513295694981,0.1905939115425431
180250,677.82,28.06991433776222,0.04141204794453132
180251,600.48,124.6820279512233,0.2076372701026234
180252,425.59,72.05738748557467,0.16931174953728864
180253,443.91,87.0185320396226,0.19602742006177512
180254,581.85,58.50199923714425,0.10054481264440018
180350,481.79,56.807302733686925,0.11790884562503771
180450,450.82,84.98431955947979,0.18851053537882034
180451,313.4,61.04718450813833,0.19478999523975218
180550,538.74,36.08409864182729,0.06697868849876988
180551,239.17,31.40081757927161,0.13129078721943224
180552,409.62,66.88591312222084,0.16328771330067096
180553,441.17,82.52632242073153,0.18706240773563826
180650,387.14,21.77597315915298,0.056248316265828845
180651,310.67,31.824961209972816,0.10243976312477167
180652,364.76,69.4943454321824,0.19052074084927734
180750,599.76,22.157643464227142,0.03694418344709074
180751,517.95,54.88853084077441,0.10597264377019867
180752,511.56,49.1283742571785,0.09603638724133728
180753,396.84,44.21017570842979,0.11140554306125841
180754,269.53,25.490935387704837,0.09457550323787645
180755,474.57,56.48776746347221,0.11902936861468742
180756,455.55,47.71374074750752,0.1047387569915652
180757,441.73,30.909751222365802,0.06997430833850045
180758,464.67,66.33334240247349,0.1427536583004573
180850,658.24,35.175239003733196,0.05343831885593886
180851,440.91,93.64530583318474,0.2123909773722182
180852,550.99,110.85938010046972,0.20120034864601846
180853,528.81,100.84037598334015,0.190693020145875
180854,505.64,88.73709538120805,0.17549461154419754
180855,602.28,54.413777683721094,0.09034631348163827
180856,496.29,91.15616064490762,0.18367519120858292
180857,531.22,88.99636524621145,0.16753203050753257
180950,414.8,63.95183408167009,0.15417510627210726
180951,533.48,47.797307633889446,0.08959531310243954
190150,1013.78,31.420656783002702,0.030993565451086728
190151,675.2,43.155510597439495,0.06391515195118408
190152,621.97,55.6030588847271,0.08939829716019598
190153,469.28,56.736698739230256,0.12090159124452408
190155,422.09,63.43040948226196,0.15027697761676884
190156,549.07,97.85218864979717,0.1782144146462148
190158,439.26,38.41235445498619,0.08744787700902926
190250,668.06,41.81171151915405,0.06258676094834903
190251,393.77,49.3661561462506,0.1253679969176184
190252,665.77,145.6356742688457,0.21874772709621296
190254,537.01,143.90132332135082,0.26796767904014973
190256,647.01,210.58226717417168,0.32546988017831513
190259,623.56,116.00289417577493,0.18603325129221718
190350,631.72,60.69457640369729,0.0960782884880917
190351,337.95,61.8590539186795,0.18304202964544905
190352,530.38,101.22863742407976,0.19086058566325986
190353,696.8,150.71994064115418,0.21630301469740842
190450,670.17,49.7073393209878,0.0741712391199066
190451,650.65,59.04979434913085,0.09075508237782348
190452,649.3,99.99317578465323,0.1540015028255864
190550,744.44,23.378384394754136,0.03140398741974388
190551,418.02,50.03177788064359,0.11968752184259986
190553,618.34,114.68624021419664,0.18547439954425823
190650,790.95,40.51613105204767,0.05122464258429441
190651,580.47,47.85478344760622,0.08244144132790018
190652,527.99,68.89609082010047,0.13048749184662678
190653,944.49,182.79653072155762,0.19353993236726447
190750,676.01,44.597852536619214,0.0659721787201657
190752,453.49,82.24047530747573,0.18135014070315936
190753,582.49,103.60480323233578,0.1778653766285014
190850,625.27,49.105590145997745,0.07853501710620651
190851,342.74,46.36222863632968,0.13526938389545917
190852,409.33,36.01721425348799,0.08799065363762244
190853,546.98,101.87656579675765,0.18625281691608037
190854,443.56,92.33816686283821,0.208175143977902
190950,746.41,60.488556641216356,0.08103931705258016
190951,510.21,92.06145458703546,0.1804383579056378
190952,451.07,43.78754010356553,0.09707482231929752
200150,1517.12,69.93886008737056,0.04609975485615545
200151,1583.66,191.14604218183243,0.12069891402310623
200152,1477.25,331.9894480712736,0.22473477615249526
200250,1351.63,107.30745276149457,0.07939114458949162
200251,1191.11,185.5424340483704,0.1557727112091834
200350,1394.64,42.30667053241154,0.03033519082516745
200351,1355.52,58.10837192406669,0.0428679561526696
200352,1465.89,170.18679941633945,0.11609793328035489
210150,717.62,15.34571754531073,0.02138418319627481
210152,508.4,66.85472782806103,0.1315002514320634
210153,401.04,32.26758520624866,0.08045976761981015
210155,450.94,28.74227784211977,0.06373858571455131
210156,658.05,32.04192332443249,0.048692232086365
210157,588.87,45.21225359676756,0.07677798766581344
210158,543.97,45.328462191867025,0.083328974377019
210160,394.75,65.5870601961533,0.1661483475520033
210250,725.7,61.464578388582474,0.08469695244396096
210251,564.52,102.63744012336313,0.1818136472106624
210252,484.61,43.13742047027219,0.08901471383230265
210254,356.29,46.626863276691424,0.13086772931233384
210350,598.48,90.58110940514871,0.15135194059141274
210351,990.96,105.83795831953476,0.10680346161251186
210352,589.17,199.6992267438941,0.3389500937656264
210353,434.49,95.80436095656498,0.22049842564055555
210354,463.92,49.7492619987609,0.10723672615701177
210355,679.93,128.92076477498236,0.18960887852423391
210450,708.67,22.59805426693096,0.031887979266698126
210451,710.37,130.95157819553205,0.18434277657492862
210452,543.25,113.17904236728764,0.2083369394703868
210453,483.38,79.67072730759931,0.16482007387065933
210454,755.25,53.257171289690234,0.07051595006910326
210455,581.91,37.0201380136643,0.06361832244447475
210550,590.4,115.94222337004841,0.19637910462406574
210551,482.67,79.93725860491067,0.16561472352727674
210552,537.75,130.1161888980684,0.2419640890712569
210553,483.59,101.17702673926898,0.20922067606705885
210554,521.71,75.03161030138756,0.14381861628373532
210650,725.45,48.400659405776366,0.06671811896860758
210651,376.54,42.21713916059855,0.11211860402772228
210652,380.14,40.54246033111515,0.10665139246360592
210653,368.35,71.72622082905733,0.1947230102594199
210750,530.78,46.19489780548548,0.08703209956193807
210751,655.56,165.21143660713324,0.25201573709062974
210752,626.09,90.6326480571651,0.14475977584239502
220150,665.32,15.54565445930181,0.023365680363286553
220151,510.74,63.37566829824872,0.1240859699617197
220152,648.44,78.01371504730076,0.12030984369764475
220153,763.41,105.53688656523653,0.13824404522502526
220154,454.17,53.86442137234976,0.11859969036340964
220155,835.73,94.51530220402677,0.1130931068694755
220156,422.77,65.82544762361715,0.15570037520074073
220157,553.61,62.92486300394047,0.1136628005345649
220158,384.77,50.78802470667662,0.1319958019249854
220159,547.21,39.35601647126565,0.07192123037090997
220160,411.82,66.75215245244812,0.16209060378915088
220161,443.84,46.24389709925512,0.10419046750913645
220250,701.27,69.28468280928482,0.09879886892250463
220251,734.78,138.27871895453325,0.18819064067412458
220252,681.88,140.12583224846037,0.20549925536525543
220253,700.21,147.96967660100145,0.2113218557304258
220255,838.53,203.2877363137411,0.24243346846712832
220350,652.68,21.951188004652895,0.03363238953951844
220351,454.08,78.79714355977117,0.1735314119973819
220352,470.29,71.72832105263204,0.15251934136943596
220353,543.21,34.59523946144053,0.06368667635249815
220354,501.3,83.21535366885664,0.16599910965261647
220355,392.39,31.568409808893247,0.08045161652665268
220356,393.0,36.61336746999815,0.09316378491093677
220357,450.07,49.47509149007699,0.10992754791493987
220358,335.66,39.23667322460197,0.11689409886373703
220450,609.03,80.66757083184844,0.13245254064963702
220451,406.28,41.35044321294728,0.10177819044242219
220452,413.11,63.65262810745898,0.15408154754776932
220453,479.73,93.19156771612386,0.19425836974157099
220454,445.25,55.877210435193554,0.12549626150520732
220455,503.26,66.95250554731733,0.13303760590413968
230150,664.93,13.110838986106623,0.019717622886779997
230151,550.01,55.99911380214454,0.10181471937263785
230152,444.97,23.631973621458968,0.053109139091307205
230153,516.62,39.35222557921105,0.07617247799003339
230154,451.56,27.887344957973752,0.061757784033071465
230155,475.84,38.07048977560952,0.08000691361720226
230156,473.94,54.87056837848276,0.11577534788893691
230157,425.09,24.65783185125434,0.058006144231231835
230250,617.98,121.9811886155297,0.19738695203004902
230251,420.93,80.80721607458065,0.19197305032803708
230252,465.41,86.91638817143209,0.18675230049081903
230253,495.59,95.62719644677095,0.19295626716998115
240150,607.38,15.256120484327035,0.025117917093626783
240151,553.79,93.8816691429906,0.1695257573141274
240152,395.0,11.795703877330938,0.029862541461597312
240153,431.32,17.688376242573217,0.04100986794624227
240154,428.9,16.914081180552294,0.03943595518897714
240155,362.85,56.87759921990021,0.15675237486537194
240156,583.8,39.90941778555416,0.06836145561074711
240250,580.79,10.952272015792357,0.01885754234024752
240350,659.22,26.385120015865564,0.04002475655451224
240351,390.2,30.070871115092608,0.07706527707609587
240352,536.34,22.527548352945626,0.04200236483004367
